Date,Temperature,Humidity,Rainfall,Wind_Speed,Soil_Moisture,Solar_Radiation,Evapotranspiration,Crop_Growth_Stage,Cloud_Cover,Dew_Point,Month,Day,Season,GDD
2024-01-01,20.99,67.99,20.64,4.87,29.01,541.57,3.18,0,19.0,14.59,1,1,Winter,10.989999999999998
2024-01-02,19.98,70.78,0.0,4.1,33.18,496.1,2.92,0,52.99,14.14,1,2,Winter,9.98
2024-01-03,21.81,69.37,0.39,5.09,33.39,548.96,3.24,0,44.65,15.69,1,3,Winter,11.809999999999999
2024-01-04,23.82,69.45,0.0,5.86,36.15,592.09,3.86,0,33.14,17.71,1,4,Winter,13.82
2024-01-05,20.57,64.76,5.58,4.96,36.02,566.76,2.78,0,63.61,13.52,1,5,Winter,10.57
2024-01-06,20.82,68.4,0.0,5.69,30.02,498.74,3.26,0,59.71,14.5,1,6,Winter,10.82
2024-01-07,24.71,70.42,0.0,5.94,33.2,538.26,3.97,0,35.21,18.79,1,7,Winter,14.71
2024-01-08,23.34,74.84,0.0,6.38,36.94,505.42,3.59,0,57.84,18.31,1,8,Winter,13.34
2024-01-09,21.13,72.04,8.41,5.92,37.53,505.88,2.7,0,61.86,15.53,1,9,Winter,11.129999999999999
2024-01-10,23.41,77.67,13.77,7.25,40.61,563.56,3.34,0,44.96,18.94,1,10,Winter,13.41
2024-01-11,21.65,62.73,8.32,4.17,44.6,509.91,3.44,0,52.62,14.2,1,11,Winter,11.649999999999999
2024-01-12,21.9,70.59,0.0,9.31,41.51,446.16,4.77,0,58.77,16.02,1,12,Winter,11.899999999999999
2024-01-13,23.57,66.8,0.0,5.6,43.37,517.29,4.09,0,27.41,16.93,1,13,Winter,13.57
2024-01-14,19.51,76.5,0.0,6.97,42.73,551.41,3.49,0,42.99,14.81,1,14,Winter,9.510000000000002
2024-01-15,20.14,61.17,0.0,5.71,43.07,647.86,2.58,0,32.82,12.37,1,15,Winter,10.14
2024-01-16,22.72,60.68,0.0,7.36,44.25,552.26,3.77,0,59.08,14.85,1,16,Winter,12.719999999999999
2024-01-17,22.06,61.55,9.93,7.06,43.84,607.4,4.43,0,42.6,14.37,1,17,Winter,12.059999999999999
2024-01-18,24.97,53.6,0.0,6.19,47.69,578.36,4.07,0,39.19,15.69,1,18,Winter,14.969999999999999
2024-01-19,22.77,61.26,0.0,7.97,44.71,653.04,3.8,0,33.79,15.02,1,19,Winter,12.77
2024-01-20,22.01,59.76,0.0,6.77,46.23,654.49,3.9,0,44.78,13.96,1,20,Winter,12.010000000000002
2024-01-21,28.01,63.98,0.0,7.51,41.71,660.33,3.7,0,32.12,20.8,1,21,Winter,18.01
2024-01-22,24.87,64.62,2.37,6.07,47.29,519.68,3.38,0,41.05,17.79,1,22,Winter,14.870000000000001
2024-01-23,25.7,71.97,9.52,6.97,51.43,621.54,3.45,0,35.09,20.09,1,23,Winter,15.7
2024-01-24,22.95,67.02,0.0,9.0,48.06,653.95,4.36,0,44.01,16.35,1,24,Winter,12.95
2024-01-25,24.95,59.06,0.46,7.96,46.61,639.84,4.47,0,40.98,16.76,1,25,Winter,14.95
2024-01-26,26.5,57.14,0.0,7.28,49.07,657.31,4.06,0,34.71,17.92,1,26,Winter,16.5
2024-01-27,24.21,63.78,12.0,6.5,55.49,633.08,3.31,0,38.61,16.96,1,27,Winter,14.21
2024-01-28,27.49,54.41,0.0,6.98,49.02,597.57,4.16,0,34.65,18.37,1,28,Winter,17.49
2024-01-29,25.77,69.86,4.11,7.07,51.28,554.56,3.77,0,42.6,19.74,1,29,Winter,15.77
2024-01-30,26.62,66.3,0.0,7.27,52.42,611.7,3.74,0,32.2,19.88,1,30,Winter,16.62
2024-01-31,26.22,57.75,0.0,5.68,51.77,782.41,3.96,0,18.81,17.77,1,31,Winter,16.22
2024-02-01,31.35,51.24,8.42,7.35,53.27,628.7,4.26,0,50.59,21.6,2,1,Winter,21.35
2024-02-02,27.84,66.28,0.0,5.52,51.42,559.44,3.13,0,33.28,21.1,2,2,Winter,17.84
2024-02-03,25.97,58.64,0.0,8.15,57.16,698.43,3.59,0,23.27,17.7,2,3,Winter,15.969999999999999
2024-02-04,29.95,65.11,0.0,5.65,55.86,708.91,3.36,0,16.57,22.97,2,4,Winter,19.95
2024-02-05,26.08,50.67,0.0,6.62,52.56,734.79,4.09,0,11.81,16.21,2,5,Winter,16.08
2024-02-06,29.15,55.36,0.0,7.22,58.26,698.2,4.47,0,28.31,20.22,2,6,Winter,19.15
2024-02-07,25.02,58.1,2.72,5.86,60.35,721.12,3.76,0,21.71,16.64,2,7,Winter,15.02
2024-02-08,26.49,58.04,4.59,6.33,56.57,774.98,4.24,0,40.12,18.1,2,8,Winter,16.49
2024-02-09,29.75,55.28,3.28,7.3,60.74,649.77,5.06,0,32.19,20.8,2,9,Winter,19.75
2024-02-10,31.03,60.38,0.0,6.31,57.0,643.88,4.1,0,48.51,23.11,2,10,Winter,21.03
2024-02-11,30.09,51.66,5.59,5.97,60.37,640.3,4.44,0,45.65,20.43,2,11,Winter,20.09
2024-02-12,29.72,56.03,0.0,3.79,58.41,685.65,2.97,0,29.35,20.92,2,12,Winter,19.72
2024-02-13,29.54,57.08,0.0,4.41,64.55,774.45,4.56,0,43.66,20.95,2,13,Winter,19.54
2024-02-14,27.37,58.8,0.0,6.25,59.96,732.97,3.4,0,29.39,19.13,2,14,Winter,17.37
2024-02-15,29.07,59.54,0.0,5.64,60.47,734.73,3.71,0,41.66,20.98,2,15,Winter,19.07
2024-02-16,29.78,50.11,0.34,5.65,58.8,622.99,3.84,0,51.67,19.8,2,16,Winter,19.78
2024-02-17,32.99,47.83,0.24,5.43,63.33,682.89,3.65,0,35.86,22.56,2,17,Winter,22.990000000000002
2024-02-18,31.74,61.65,0.0,5.95,63.63,629.3,4.41,0,44.58,24.07,2,18,Winter,21.74
2024-02-19,27.7,56.69,0.0,4.26,63.92,783.12,3.77,0,27.93,19.04,2,19,Winter,17.7
2024-02-20,32.05,51.06,0.0,4.51,61.71,807.24,4.05,0,7.83,22.26,2,20,Winter,22.049999999999997
2024-02-21,30.79,62.34,0.0,3.23,58.79,770.26,2.99,0,23.55,23.26,2,21,Winter,20.79
2024-02-22,30.37,54.94,1.02,2.85,62.09,685.21,4.63,0,42.22,21.36,2,22,Winter,20.37
2024-02-23,33.11,60.05,0.0,2.37,59.87,811.84,4.1,0,34.08,25.12,2,23,Winter,23.11
2024-02-24,34.11,54.28,0.0,3.01,62.31,728.2,5.36,0,19.97,24.96,2,24,Winter,24.11
2024-02-25,34.06,64.04,0.0,5.33,61.93,683.19,4.1,0,36.97,26.87,2,25,Winter,24.060000000000002
2024-02-26,30.67,62.32,0.59,2.12,59.25,698.67,4.0,0,31.64,23.13,2,26,Winter,20.67
2024-02-27,31.87,52.1,0.0,3.27,62.21,728.29,4.26,0,25.99,22.29,2,27,Winter,21.87
2024-02-28,33.29,58.02,0.0,2.19,61.39,755.11,3.66,0,28.05,24.9,2,28,Winter,23.29
2024-02-29,34.72,56.2,6.66,2.79,56.19,747.32,4.77,0,27.45,25.96,2,29,Winter,24.72
2024-03-01,31.94,59.64,0.0,3.49,63.9,687.43,3.72,0,36.67,23.87,3,1,Winter,21.94
2024-03-02,32.66,47.8,0.78,2.55,61.52,821.33,3.63,0,32.28,22.22,3,2,Winter,22.659999999999997
2024-03-03,30.95,55.88,0.0,4.27,60.96,755.66,2.25,0,32.28,22.12,3,3,Winter,20.95
2024-03-04,30.89,57.58,0.0,4.66,61.05,729.95,4.26,0,30.11,22.41,3,4,Winter,20.89
2024-03-05,35.03,43.34,11.3,0.84,65.03,823.52,3.04,0,36.29,23.69,3,5,Winter,25.03
2024-03-06,36.23,46.06,0.0,2.37,66.02,711.12,3.85,0,39.99,25.44,3,6,Winter,26.229999999999997
2024-03-07,33.48,41.64,0.0,3.08,62.88,691.05,3.48,0,29.97,21.81,3,7,Winter,23.479999999999997
2024-03-08,35.74,50.34,0.0,4.13,65.54,838.25,4.26,0,4.0,25.81,3,8,Winter,25.740000000000002
2024-03-09,34.56,55.14,0.0,2.55,66.55,871.24,4.23,0,3.0,25.59,3,9,Winter,24.560000000000002
2024-03-10,32.64,58.94,0.0,2.98,69.5,755.52,3.9,0,33.78,24.43,3,10,Winter,22.64
2024-03-11,34.75,51.67,0.0,1.86,63.2,778.21,4.24,0,15.88,25.08,3,11,Winter,24.75
2024-03-12,37.19,59.32,0.0,1.5,64.17,724.97,4.69,0,17.42,29.06,3,12,Winter,27.189999999999998
2024-03-13,34.13,44.17,1.14,4.51,66.34,784.28,4.17,0,13.99,22.96,3,13,Winter,24.130000000000003
2024-03-14,37.41,42.44,0.0,1.28,67.46,761.85,3.79,1,16.94,25.9,3,14,Winter,27.409999999999997
2024-03-15,29.12,50.58,0.55,5.48,66.38,782.07,4.52,1,30.3,19.23,3,15,Winter,19.12
2024-03-16,36.08,52.68,0.0,3.94,67.99,809.09,4.95,1,17.52,26.61,3,16,Winter,26.08
2024-03-17,34.67,50.5,0.0,3.96,62.0,735.09,4.66,1,12.77,24.77,3,17,Winter,24.67
2024-03-18,33.97,40.24,4.12,3.93,64.75,773.19,3.74,1,22.99,22.01,3,18,Winter,23.97
2024-03-19,34.81,50.06,0.0,3.18,67.78,702.29,4.36,1,31.99,24.82,3,19,Winter,24.810000000000002
2024-03-20,30.7,43.91,0.0,3.92,65.09,775.84,3.94,1,17.62,19.49,3,20,Winter,20.7
2024-03-21,34.29,53.71,2.78,3.43,65.68,789.94,4.68,1,32.57,25.03,3,21,Winter,24.29
2024-03-22,35.49,52.13,0.0,4.28,66.73,806.99,4.16,1,15.09,25.92,3,22,Winter,25.490000000000002
2024-03-23,37.78,45.54,0.0,3.8,68.87,808.37,3.74,1,30.25,26.88,3,23,Winter,27.78
2024-03-24,33.82,47.62,1.76,3.0,64.85,842.34,4.37,1,21.73,23.34,3,24,Winter,23.82
2024-03-25,33.27,44.85,0.0,3.2,69.1,720.83,2.72,1,37.18,22.24,3,25,Winter,23.270000000000003
2024-03-26,33.92,49.79,2.05,3.21,71.31,724.08,3.7,1,16.61,23.87,3,26,Winter,23.92
2024-03-27,36.77,54.85,0.0,5.29,68.28,825.33,4.26,1,18.45,27.75,3,27,Winter,26.770000000000003
2024-03-28,35.62,45.12,0.0,3.84,68.16,697.34,3.85,1,29.74,24.65,3,28,Winter,25.619999999999997
2024-03-29,33.92,52.55,0.0,2.68,70.04,808.76,3.59,1,4.9,24.43,3,29,Winter,23.92
2024-03-30,36.02,47.36,0.0,5.12,68.44,740.81,5.27,1,36.97,25.49,3,30,Winter,26.020000000000003
2024-03-31,35.19,46.04,0.0,6.38,71.77,878.6,5.25,1,3.97,24.4,3,31,Winter,25.189999999999998
2024-04-01,36.94,49.46,0.0,5.77,46.41,812.52,4.76,1,12.65,26.83,4,1,Spring,26.939999999999998
2024-04-02,33.59,44.83,0.0,4.53,49.2,789.0,4.87,1,10.97,22.56,4,2,Spring,23.590000000000003
2024-04-03,34.34,47.24,0.0,3.69,49.57,861.21,3.68,1,20.89,23.78,4,3,Spring,24.340000000000003
2024-04-04,34.2,44.04,3.18,5.28,49.38,746.43,3.91,1,10.1,23.0,4,4,Spring,24.200000000000003
2024-04-05,32.04,59.87,0.0,5.39,44.83,755.61,4.75,1,30.62,24.01,4,5,Spring,22.04
2024-04-06,35.54,50.25,0.65,4.71,49.75,735.81,4.82,1,36.86,25.59,4,6,Spring,25.54
2024-04-07,35.44,46.61,14.17,6.36,56.14,755.14,4.62,1,29.86,24.76,4,7,Spring,25.439999999999998
2024-04-08,34.9,51.22,9.34,7.78,58.8,800.87,4.51,1,27.04,25.14,4,8,Spring,24.9
2024-04-09,34.39,49.63,0.0,6.27,58.06,821.84,5.46,1,25.41,24.31,4,9,Spring,24.39
2024-04-10,31.99,49.14,0.0,6.32,55.63,844.46,3.64,1,6.06,21.82,4,10,Spring,21.99
2024-04-11,33.94,53.37,0.0,5.34,58.23,704.31,4.19,1,43.92,24.61,4,11,Spring,23.939999999999998
2024-04-12,34.04,54.15,2.72,7.77,57.09,786.02,5.11,1,16.8,24.87,4,12,Spring,24.04
2024-04-13,33.07,47.78,0.0,6.4,59.14,738.18,5.52,1,25.52,22.63,4,13,Spring,23.07
2024-04-14,34.3,47.62,0.0,5.98,58.43,782.21,4.85,1,18.45,23.83,4,14,Spring,24.299999999999997
2024-04-15,35.37,49.21,0.0,6.71,56.02,907.99,5.16,1,14.12,25.21,4,15,Spring,25.369999999999997
2024-04-16,38.27,39.16,0.0,7.19,55.6,804.59,5.02,1,14.16,26.1,4,16,Spring,28.270000000000003
2024-04-17,34.78,43.18,0.0,6.93,58.8,833.6,5.19,1,17.31,23.42,4,17,Spring,24.78
2024-04-18,34.87,57.69,0.0,8.05,57.63,885.21,5.19,1,0.0,26.41,4,18,Spring,24.869999999999997
2024-04-19,34.13,59.18,0.0,7.28,56.54,842.0,4.11,1,27.45,25.97,4,19,Spring,24.130000000000003
2024-04-20,30.36,49.82,0.62,6.65,57.31,761.61,4.8,1,30.55,20.33,4,20,Spring,20.36
2024-04-21,34.06,54.06,3.19,7.37,58.76,718.51,5.4,1,25.23,24.87,4,21,Spring,24.060000000000002
2024-04-22,34.15,52.86,0.0,7.49,62.49,779.0,5.35,1,17.41,24.72,4,22,Spring,24.15
2024-04-23,38.86,66.82,0.21,5.7,57.43,750.24,5.08,1,31.42,30.0,4,23,Spring,28.86
2024-04-24,33.45,57.15,0.0,8.15,59.53,700.44,4.53,1,22.88,24.88,4,24,Spring,23.450000000000003
2024-04-25,34.33,51.05,0.0,6.69,59.59,786.67,3.65,1,22.59,24.54,4,25,Spring,24.33
2024-04-26,33.56,47.06,0.0,6.7,57.28,785.79,4.81,1,33.03,22.97,4,26,Spring,23.560000000000002
2024-04-27,31.18,43.95,0.0,7.7,56.49,858.75,5.24,1,6.01,19.97,4,27,Spring,21.18
2024-04-28,35.69,53.15,0.0,7.66,57.06,749.92,5.63,1,28.69,26.32,4,28,Spring,25.689999999999998
2024-04-29,34.79,48.51,0.0,6.17,59.79,779.64,5.16,1,25.19,24.49,4,29,Spring,24.79
2024-04-30,34.74,45.34,0.0,7.62,59.48,729.92,4.99,1,26.03,23.81,4,30,Spring,24.740000000000002
2024-05-01,31.21,49.39,0.0,6.19,61.41,804.32,4.94,1,14.53,21.09,5,1,Spring,21.21
2024-05-02,35.71,47.39,0.0,8.5,59.3,751.83,5.77,1,36.96,25.19,5,2,Spring,25.71
2024-05-03,29.97,61.41,0.0,5.78,60.04,696.76,3.97,1,24.35,22.25,5,3,Spring,19.97
2024-05-04,33.81,57.57,0.0,6.76,58.28,751.96,5.11,1,6.68,25.32,5,4,Spring,23.810000000000002
2024-05-05,36.87,53.31,0.0,5.64,60.64,769.33,4.58,1,29.47,27.53,5,5,Spring,26.869999999999997
2024-05-06,30.36,60.94,0.0,8.55,58.34,759.66,5.05,1,12.02,22.55,5,6,Spring,20.36
2024-05-07,31.06,54.13,0.0,4.98,57.82,796.21,3.49,1,27.3,21.89,5,7,Spring,21.06
2024-05-08,32.24,49.64,0.0,6.63,60.93,668.46,3.97,1,46.5,22.17,5,8,Spring,22.240000000000002
2024-05-09,30.88,61.77,0.0,5.26,57.41,695.61,4.7,1,36.74,23.23,5,9,Spring,20.88
2024-05-10,28.63,57.06,0.11,5.51,65.39,766.54,4.47,1,34.06,20.04,5,10,Spring,18.63
2024-05-11,31.7,49.39,1.09,6.19,60.43,695.02,4.76,1,50.7,21.58,5,11,Spring,21.7
2024-05-12,29.27,53.85,0.0,6.84,61.45,739.98,4.37,1,35.67,20.04,5,12,Spring,19.27
2024-05-13,32.17,50.65,2.33,7.1,59.26,603.57,3.47,1,42.95,22.31,5,13,Spring,22.17
2024-05-14,29.22,48.35,7.73,3.81,63.15,856.88,3.68,1,30.65,18.88,5,14,Spring,19.22
2024-05-15,33.98,60.13,5.03,5.47,63.49,704.07,4.75,1,47.14,26.0,5,15,Spring,23.979999999999997
2024-05-16,29.13,65.28,5.34,6.53,65.83,773.65,3.99,1,40.32,22.19,5,16,Spring,19.13
2024-05-17,29.87,48.99,2.21,3.25,68.7,693.45,3.31,1,25.73,19.67,5,17,Spring,19.87
2024-05-18,31.96,59.04,0.0,5.11,66.11,727.3,4.97,1,13.73,23.76,5,18,Spring,21.96
2024-05-19,27.68,53.23,0.0,4.65,69.9,777.38,3.7,1,16.73,18.32,5,19,Spring,17.68
2024-05-20,30.4,54.3,0.0,4.94,72.65,757.23,4.29,1,31.31,21.26,5,20,Spring,20.4
2024-05-21,32.37,54.04,0.0,3.62,66.34,684.81,4.38,1,33.11,23.17,5,21,Spring,22.369999999999997
2024-05-22,26.34,52.94,1.83,2.82,68.99,684.3,2.73,1,29.5,16.93,5,22,Spring,16.34
2024-05-23,29.72,57.77,0.0,2.22,68.77,737.23,3.55,1,31.88,21.28,5,23,Spring,19.72
2024-05-24,29.67,53.65,0.0,4.99,71.64,799.63,4.66,1,5.33,20.4,5,24,Spring,19.67
2024-05-25,30.51,59.43,2.1,5.0,68.32,688.45,4.99,1,32.57,22.39,5,25,Spring,20.51
2024-05-26,26.26,58.11,0.0,4.08,67.67,772.51,3.5,2,33.93,17.88,5,26,Spring,16.26
2024-05-27,25.88,57.44,0.0,3.14,66.87,658.35,3.13,2,39.66,17.37,5,27,Spring,15.879999999999999
2024-05-28,29.35,54.39,0.0,1.95,68.6,713.73,3.49,2,35.55,20.23,5,28,Spring,19.35
2024-05-29,28.68,56.33,0.0,4.04,67.95,716.85,3.83,2,44.29,19.95,5,29,Spring,18.68
2024-05-30,28.37,63.28,0.0,2.29,72.93,636.91,4.02,2,35.65,21.03,5,30,Spring,18.37
2024-05-31,28.34,62.31,21.75,2.6,78.98,615.63,2.89,2,31.91,20.8,5,31,Spring,18.34
2024-06-01,26.07,55.21,0.0,2.66,73.83,705.77,3.03,2,41.32,17.11,6,1,Spring,16.07
2024-06-02,27.66,60.9,0.21,2.99,74.22,617.4,2.83,2,49.97,19.84,6,2,Spring,17.66
2024-06-03,27.56,64.46,0.0,2.37,75.81,594.7,2.75,2,46.11,20.45,6,3,Spring,17.56
2024-06-04,25.31,52.67,0.0,3.12,78.9,600.61,3.37,2,38.33,15.84,6,4,Spring,15.309999999999999
2024-06-05,30.24,64.04,0.0,2.43,75.24,603.38,3.94,2,39.68,23.05,6,5,Spring,20.24
2024-06-06,27.22,58.32,0.0,3.73,74.43,668.31,3.17,2,20.4,18.89,6,6,Spring,17.22
2024-06-07,23.66,64.8,11.07,4.04,79.64,646.51,3.59,2,46.48,16.62,6,7,Spring,13.66
2024-06-08,27.11,58.45,4.81,3.11,79.26,651.78,3.92,2,45.6,18.8,6,8,Spring,17.11
2024-06-09,23.61,53.56,3.26,3.47,80.0,632.28,4.05,2,23.66,14.32,6,9,Spring,13.61
2024-06-10,26.89,54.77,7.4,5.13,80.0,576.69,3.78,2,51.01,17.85,6,10,Spring,16.89
2024-06-11,27.39,63.47,0.0,1.86,80.0,636.38,2.82,2,40.4,20.09,6,11,Spring,17.39
2024-06-12,23.19,64.86,0.0,1.83,80.0,655.76,2.21,2,24.2,16.16,6,12,Spring,13.190000000000001
2024-06-13,26.51,59.36,3.98,3.8,80.0,620.94,2.89,2,25.85,18.39,6,13,Spring,16.51
2024-06-14,25.16,67.41,0.0,5.1,80.0,609.26,4.19,2,42.81,18.65,6,14,Spring,15.16
2024-06-15,25.73,56.24,0.0,2.95,80.0,543.45,2.43,2,41.68,16.98,6,15,Spring,15.73
2024-06-16,27.63,64.55,0.0,5.01,80.0,587.4,4.4,2,59.46,20.54,6,16,Spring,17.63
2024-06-17,23.1,59.16,0.0,3.45,80.0,530.78,2.59,2,56.45,14.93,6,17,Spring,13.100000000000001
2024-06-18,21.83,62.29,13.2,2.76,80.0,565.55,2.42,2,48.18,14.29,6,18,Spring,11.829999999999998
2024-06-19,21.31,66.12,0.0,2.54,80.0,479.68,2.58,2,57.26,14.53,6,19,Spring,11.309999999999999
2024-06-20,21.2,61.92,0.0,4.25,80.0,474.99,2.64,2,65.81,13.58,6,20,Spring,11.2
2024-06-21,22.42,64.64,0.0,2.81,80.0,541.98,3.3,2,54.27,15.35,6,21,Spring,12.420000000000002
2024-06-22,23.0,71.94,15.54,3.92,80.0,519.0,4.01,2,53.1,17.39,6,22,Spring,13.0
2024-06-23,22.62,64.36,0.0,5.53,80.0,546.64,3.07,2,35.53,15.49,6,23,Spring,12.620000000000001
2024-06-24,23.46,71.77,3.78,3.76,80.0,529.42,2.91,2,77.68,17.82,6,24,Spring,13.46
2024-06-25,21.58,62.28,2.26,5.51,80.0,532.52,3.2,2,35.72,14.03,6,25,Spring,11.579999999999998
2024-06-26,24.2,70.93,0.0,3.11,80.0,556.29,3.34,2,41.25,18.39,6,26,Spring,14.2
2024-06-27,20.51,75.83,0.0,3.92,80.0,497.53,2.78,2,33.7,15.67,6,27,Spring,10.510000000000002
2024-06-28,26.22,56.61,0.0,3.18,80.0,504.56,3.97,2,54.93,17.54,6,28,Spring,16.22
2024-06-29,21.77,65.33,6.58,4.8,80.0,583.11,3.74,2,43.2,14.83,6,29,Spring,11.77
2024-06-30,18.54,72.54,0.0,5.64,80.0,505.33,2.41,2,57.12,13.05,6,30,Spring,8.54
2024-07-01,17.86,68.98,18.26,5.08,60.0,491.04,3.08,2,33.51,11.66,7,1,Summer,7.859999999999999
2024-07-02,20.71,72.2,1.75,6.37,60.0,498.95,4.13,2,61.23,15.15,7,2,Summer,10.71
2024-07-03,19.04,67.67,0.0,4.53,60.0,481.58,2.58,2,43.77,12.57,7,3,Summer,9.04
2024-07-04,20.65,71.47,0.0,5.64,60.0,448.99,3.07,2,53.61,14.95,7,4,Summer,10.649999999999999
2024-07-05,19.91,70.6,0.0,5.02,60.0,429.4,2.75,2,66.38,14.03,7,5,Summer,9.91
2024-07-06,18.56,77.56,0.0,6.04,60.0,435.97,2.83,2,59.02,14.07,7,6,Summer,8.559999999999999
2024-07-07,16.76,73.34,0.0,6.31,60.0,512.63,2.13,2,52.06,11.42,7,7,Summer,6.760000000000002
2024-07-08,15.16,74.1,0.0,6.51,60.0,432.34,2.17,2,64.76,9.98,7,8,Summer,5.16
2024-07-09,17.04,70.69,6.64,4.98,60.0,450.96,2.76,2,59.19,11.18,7,9,Summer,7.039999999999999
2024-07-10,19.39,70.66,0.0,5.27,60.0,488.62,3.77,2,47.73,13.52,7,10,Summer,9.39
2024-07-11,17.85,71.27,0.0,5.57,60.0,434.55,2.61,2,54.88,12.11,7,11,Summer,7.850000000000001
2024-07-12,14.68,75.75,6.55,6.14,60.0,475.05,2.4,2,54.61,9.83,7,12,Summer,4.68
2024-07-13,17.26,72.01,0.0,6.56,60.0,361.26,3.91,2,54.92,11.66,7,13,Summer,7.260000000000002
2024-07-14,17.43,75.9,0.0,7.27,60.0,426.62,2.66,2,67.3,12.61,7,14,Summer,7.43
2024-07-15,14.64,85.16,8.33,5.8,60.0,432.15,1.81,2,59.67,11.68,7,15,Summer,4.640000000000001
2024-07-16,16.47,79.48,0.88,5.12,60.0,424.35,2.28,2,58.31,12.36,7,16,Summer,6.469999999999999
2024-07-17,16.03,73.82,0.0,8.94,60.0,335.55,3.08,2,78.37,10.79,7,17,Summer,6.030000000000001
2024-07-18,13.38,81.79,7.62,5.71,60.0,473.38,1.63,2,51.46,9.73,7,18,Summer,3.380000000000001
2024-07-19,16.13,74.07,0.0,7.73,60.0,365.55,3.11,2,61.62,10.94,7,19,Summer,6.129999999999999
2024-07-20,16.29,66.25,0.0,6.96,60.0,420.12,3.52,2,53.14,9.54,7,20,Summer,6.289999999999999
2024-07-21,17.09,71.73,0.0,7.22,60.0,398.87,2.53,2,63.54,11.44,7,21,Summer,7.09
2024-07-22,16.79,67.74,0.0,6.98,60.0,443.8,3.14,2,58.7,10.34,7,22,Summer,6.789999999999999
2024-07-23,11.68,75.66,0.0,6.61,60.0,498.17,2.71,2,43.52,6.82,7,23,Summer,1.6799999999999997
2024-07-24,12.32,77.83,0.0,7.46,60.0,319.48,2.7,2,66.27,7.89,7,24,Summer,2.3200000000000003
2024-07-25,14.99,86.43,0.0,6.55,60.0,346.8,2.92,2,58.72,12.28,7,25,Summer,4.99
2024-07-26,14.75,80.0,0.0,8.14,60.0,383.97,3.22,2,54.55,10.75,7,26,Summer,4.75
2024-07-27,14.52,77.58,12.78,7.52,60.0,314.57,2.56,2,51.24,10.04,7,27,Summer,4.52
2024-07-28,20.96,83.13,0.0,7.51,60.0,404.3,4.37,2,57.26,17.59,7,28,Summer,10.96
2024-07-29,14.17,68.24,0.0,6.36,60.0,402.75,3.33,2,42.7,7.82,7,29,Summer,4.17
2024-07-30,15.07,80.78,0.0,6.58,60.0,383.99,3.44,2,56.97,11.23,7,30,Summer,5.07
2024-07-31,14.48,83.75,0.0,5.57,60.0,363.33,3.09,2,57.54,11.23,7,31,Summer,4.48
2024-08-01,13.65,72.81,0.0,6.33,60.0,415.51,1.86,2,68.97,8.21,8,1,Summer,3.6500000000000004
2024-08-02,11.5,86.21,0.0,5.57,60.0,284.81,2.74,2,61.37,8.74,8,2,Summer,1.5
2024-08-03,13.43,82.48,0.0,7.83,60.0,341.47,3.25,2,58.24,9.92,8,3,Summer,3.4299999999999997
2024-08-04,10.15,79.0,0.0,6.48,60.0,296.93,1.56,2,66.49,5.95,8,4,Summer,0.15000000000000036
2024-08-05,11.01,84.53,0.0,6.5,60.0,374.08,2.31,2,56.79,7.91,8,5,Summer,1.0099999999999998
2024-08-06,10.3,93.0,0.0,5.99,60.0,233.68,2.38,2,90.32,8.9,8,6,Summer,0.3000000000000007
2024-08-07,11.22,82.83,0.0,6.31,60.0,319.76,3.23,3,56.64,7.79,8,7,Summer,1.2200000000000006
2024-08-08,15.48,83.44,0.88,8.45,60.0,333.79,3.62,3,62.83,12.17,8,8,Summer,5.48
2024-08-09,6.91,80.17,0.0,5.57,60.0,265.58,1.38,3,76.76,2.95,8,9,Summer,0.0
2024-08-10,11.82,78.49,0.0,5.09,60.0,277.62,3.06,3,81.05,7.52,8,10,Summer,1.8200000000000003
2024-08-11,7.02,87.15,1.15,6.14,60.0,305.74,1.97,3,65.62,4.45,8,11,Summer,0.0
2024-08-12,9.11,78.98,0.0,2.95,60.0,348.82,1.39,3,45.94,4.91,8,12,Summer,0.0
2024-08-13,12.04,83.88,14.64,5.41,60.0,245.57,2.13,3,73.94,8.81,8,13,Summer,2.039999999999999
2024-08-14,9.8,81.38,0.0,4.84,60.0,250.51,1.15,3,88.47,6.08,8,14,Summer,0.0
2024-08-15,7.33,86.41,0.0,4.08,60.0,345.99,1.51,3,68.22,4.61,8,15,Summer,0.0
2024-08-16,7.87,85.93,0.79,5.44,60.0,272.4,2.14,3,75.12,5.06,8,16,Summer,0.0
2024-08-17,10.48,89.69,0.0,4.85,60.0,243.57,1.84,3,65.01,8.42,8,17,Summer,0.4800000000000004
2024-08-18,7.48,82.19,0.0,2.85,60.0,315.35,1.54,3,56.81,3.92,8,18,Summer,0.0
2024-08-19,9.21,83.62,0.0,3.87,60.0,251.04,1.27,3,75.08,5.93,8,19,Summer,0.0
2024-08-20,8.69,80.3,7.13,1.5,60.0,323.42,1.11,3,53.39,4.75,8,20,Summer,0.0
2024-08-21,7.13,83.2,2.47,4.55,60.0,235.53,1.79,3,84.26,3.77,8,21,Summer,0.0
2024-08-22,12.56,87.52,0.0,4.42,60.0,257.47,2.25,3,65.79,10.07,8,22,Summer,2.5600000000000005
2024-08-23,9.38,89.63,0.0,3.22,60.0,309.51,0.79,3,68.8,7.31,8,23,Summer,0.0
2024-08-24,3.91,81.45,0.0,4.43,60.0,247.82,1.07,3,56.36,0.2,8,24,Summer,0.0
2024-08-25,8.18,90.61,0.98,2.5,60.0,293.89,2.17,3,66.67,6.3,8,25,Summer,0.0
2024-08-26,6.33,93.24,0.0,2.71,60.0,249.83,0.94,3,63.16,4.98,8,26,Summer,0.0
2024-08-27,9.21,88.72,0.0,3.99,60.0,349.28,1.74,3,41.85,6.96,8,27,Summer,0.0
2024-08-28,5.78,96.23,0.0,2.79,60.0,325.81,1.11,3,72.84,5.03,8,28,Summer,0.0
2024-08-29,7.0,83.16,6.64,3.33,60.0,178.21,2.16,3,98.59,3.63,8,29,Summer,0.0
2024-08-30,8.11,80.98,0.0,2.75,60.0,268.05,2.02,3,84.49,4.3,8,30,Summer,0.0
2024-08-31,8.7,78.48,0.0,2.83,60.0,198.51,1.85,3,86.97,4.4,8,31,Summer,0.0
2024-09-01,4.44,95.03,0.0,2.82,60.0,246.38,0.53,3,71.22,3.45,9,1,Summer,0.0
2024-09-02,6.05,90.98,0.0,2.42,60.0,237.78,1.28,3,84.28,4.25,9,2,Summer,0.0
2024-09-03,5.65,87.59,0.0,3.39,60.0,179.23,1.53,3,94.32,3.17,9,3,Summer,0.0
2024-09-04,5.18,89.42,0.0,2.42,60.0,282.63,0.67,3,73.1,3.06,9,4,Summer,0.0
2024-09-05,9.91,82.54,1.74,3.04,60.0,237.67,1.17,3,64.39,6.41,9,5,Summer,0.0
2024-09-06,7.08,100.0,0.0,2.28,60.0,211.14,2.03,3,73.89,7.08,9,6,Summer,0.0
2024-09-07,3.64,89.09,0.0,1.47,60.0,201.43,0.52,3,96.88,1.46,9,7,Summer,0.0
2024-09-08,7.9,89.12,2.07,3.92,60.0,228.36,2.39,3,76.42,5.73,9,8,Summer,0.0
2024-09-09,10.22,92.33,0.0,3.51,60.0,239.89,2.23,3,42.76,8.68,9,9,Summer,0.22000000000000064
2024-09-10,7.95,91.22,0.0,5.32,60.0,211.45,2.07,3,64.17,6.19,9,10,Summer,0.0
2024-09-11,2.76,90.05,1.23,2.02,60.0,74.36,0.91,3,88.32,0.77,9,11,Summer,0.0
2024-09-12,4.75,85.09,0.0,2.9,60.0,215.21,0.36,3,88.84,1.77,9,12,Summer,0.0
2024-09-13,8.18,91.5,0.0,3.03,60.0,140.75,1.53,3,83.19,6.48,9,13,Summer,0.0
2024-09-14,4.15,98.65,0.0,4.2,60.0,200.9,1.97,3,90.45,3.88,9,14,Summer,0.0
2024-09-15,6.39,96.06,2.4,2.77,60.0,139.77,1.54,3,80.76,5.6,9,15,Summer,0.0
2024-09-16,6.99,97.38,0.0,2.18,60.0,137.89,1.22,3,66.57,6.46,9,16,Summer,0.0
2024-09-17,3.52,86.94,0.0,4.64,60.0,269.28,2.15,3,68.16,0.91,9,17,Summer,0.0
2024-09-18,5.2,84.62,0.0,3.21,60.0,190.41,1.08,3,84.41,2.13,9,18,Summer,0.0
2024-09-19,-1.21,89.01,0.0,4.5,60.0,185.56,0.48,3,84.06,-3.41,9,19,Summer,0.0
2024-09-20,3.17,89.98,0.46,4.49,60.0,228.58,1.3,3,64.59,1.17,9,20,Summer,0.0
2024-09-21,4.68,95.23,0.0,3.81,60.0,185.08,1.62,3,77.98,3.72,9,21,Summer,0.0
2024-09-22,2.65,81.35,1.26,3.78,60.0,308.05,0.18,3,96.04,-1.08,9,22,Summer,0.0
2024-09-23,8.37,97.5,8.85,3.68,60.0,188.54,1.72,3,68.81,7.87,9,23,Summer,0.0
2024-09-24,2.22,89.1,0.0,4.18,60.0,219.86,1.47,3,84.62,0.04,9,24,Summer,0.0
2024-09-25,4.18,87.79,0.0,5.19,60.0,249.66,1.33,3,54.07,1.73,9,25,Summer,0.0
2024-09-26,5.3,84.89,0.0,3.66,60.0,280.83,1.83,3,80.56,2.28,9,26,Summer,0.0
2024-09-27,7.9,81.7,0.0,4.7,60.0,163.3,2.06,3,74.75,4.24,9,27,Summer,0.0
2024-09-28,2.14,94.1,0.0,3.61,60.0,179.28,2.01,3,86.09,0.96,9,28,Summer,0.0
2024-09-29,7.33,90.36,0.75,3.87,60.0,263.77,1.14,3,60.71,5.4,9,29,Summer,0.0
2024-09-30,5.02,83.55,0.0,4.97,40.0,240.5,1.92,3,78.86,1.73,9,30,Summer,0.0
2024-10-01,3.04,83.52,0.0,3.18,40.0,253.8,0.44,3,65.53,-0.26,10,1,Fall,0.0
2024-10-02,5.93,88.31,0.0,7.34,40.0,131.74,1.26,3,79.68,3.59,10,2,Fall,0.0
2024-10-03,5.42,98.32,2.68,4.22,40.0,277.8,0.38,3,76.64,5.08,10,3,Fall,0.0
2024-10-04,3.84,88.65,0.0,5.51,40.0,162.64,1.76,3,79.43,1.57,10,4,Fall,0.0
2024-10-05,5.2,82.41,0.0,6.85,40.0,210.73,1.99,3,82.73,1.68,10,5,Fall,0.0
2024-10-06,4.31,88.66,0.99,4.94,40.0,194.2,1.19,3,78.67,2.04,10,6,Fall,0.0
2024-10-07,5.34,88.49,3.77,3.63,40.0,158.26,0.38,3,84.85,3.03,10,7,Fall,0.0
2024-10-08,6.47,76.33,0.0,5.6,40.0,132.23,1.43,3,91.23,1.73,10,8,Fall,0.0
2024-10-09,8.35,89.49,0.0,5.29,40.0,116.42,1.9,3,84.86,6.25,10,9,Fall,0.0
2024-10-10,2.75,88.55,0.36,4.0,40.0,210.41,1.48,3,69.0,0.46,10,10,Fall,0.0
2024-10-11,9.54,93.12,0.0,6.66,40.0,129.13,2.28,3,81.76,8.16,10,11,Fall,0.0
2024-10-12,1.42,98.82,9.13,6.68,40.0,149.72,1.61,3,96.98,1.18,10,12,Fall,0.0
2024-10-13,5.07,95.13,0.0,7.71,40.0,196.62,1.87,3,81.5,4.1,10,13,Fall,0.0
2024-10-14,6.61,88.07,0.0,5.53,40.0,76.78,2.64,3,83.87,4.23,10,14,Fall,0.0
2024-10-15,6.06,83.8,0.0,5.12,40.0,248.95,1.13,3,79.12,2.82,10,15,Fall,0.0
2024-10-16,4.32,100.0,0.0,6.38,40.0,90.87,1.36,3,95.6,4.32,10,16,Fall,0.0
2024-10-17,5.22,89.44,0.0,6.76,40.0,208.96,1.64,3,84.3,3.11,10,17,Fall,0.0
2024-10-18,4.73,89.11,1.66,7.81,40.0,215.12,2.32,3,68.71,2.55,10,18,Fall,0.0
2024-10-19,4.62,88.81,0.0,8.34,40.0,242.89,1.62,4,68.89,2.38,10,19,Fall,0.0
2024-10-20,7.58,89.81,0.0,8.18,40.0,215.62,2.47,4,71.67,5.55,10,20,Fall,0.0
2024-10-21,6.69,87.98,0.0,7.26,40.0,320.39,2.22,4,64.35,4.28,10,21,Fall,0.0
2024-10-22,4.68,85.71,0.77,7.8,40.0,232.19,1.69,4,82.17,1.82,10,22,Fall,0.0
2024-10-23,7.97,85.71,0.22,6.36,40.0,276.01,2.25,4,75.36,5.11,10,23,Fall,0.0
2024-10-24,6.88,88.14,0.54,7.16,40.0,189.2,1.63,4,84.83,4.51,10,24,Fall,0.0
2024-10-25,8.0,85.45,0.0,5.78,40.0,233.54,1.41,4,90.19,5.09,10,25,Fall,0.0
2024-10-26,7.74,84.46,0.0,7.01,40.0,307.09,2.24,4,76.18,4.64,10,26,Fall,0.0
2024-10-27,4.94,88.4,0.0,7.0,40.0,220.11,1.08,4,76.57,2.62,10,27,Fall,0.0
2024-10-28,5.6,86.43,0.0,8.59,40.0,243.97,1.22,4,63.76,2.88,10,28,Fall,0.0
2024-10-29,8.34,95.07,0.0,6.59,40.0,285.85,2.43,4,64.27,7.35,10,29,Fall,0.0
2024-10-30,8.19,74.12,2.31,6.84,40.0,202.22,2.72,4,77.16,3.01,10,30,Fall,0.0
2024-10-31,7.05,92.66,0.0,6.92,40.0,133.86,1.86,4,94.91,5.59,10,31,Fall,0.0
2024-11-01,7.47,93.26,0.0,6.15,40.0,257.39,1.65,4,73.99,6.12,11,1,Fall,0.0
2024-11-02,9.92,76.48,0.0,5.72,40.0,296.8,2.65,4,63.76,5.22,11,2,Fall,0.0
2024-11-03,6.33,84.94,0.0,7.73,40.0,182.63,1.61,4,74.41,3.31,11,3,Fall,0.0
2024-11-04,8.75,84.6,0.0,5.35,40.0,286.62,1.28,4,70.64,5.67,11,4,Fall,0.0
2024-11-05,7.4,79.22,0.0,4.89,40.0,289.93,2.09,4,79.91,3.24,11,5,Fall,0.0
2024-11-06,7.52,82.17,1.43,6.79,40.0,145.46,2.12,4,100.0,3.96,11,6,Fall,0.0
2024-11-07,10.31,80.3,6.25,7.15,40.0,215.44,3.0,4,76.4,6.37,11,7,Fall,0.3100000000000005
2024-11-08,9.92,94.4,0.0,5.42,40.0,245.66,1.02,4,74.99,8.8,11,8,Fall,0.0
2024-11-09,10.06,90.1,0.0,5.31,40.0,259.73,1.38,4,61.89,8.08,11,9,Fall,0.0600000000000005
2024-11-10,11.21,91.55,0.0,5.89,40.0,234.89,2.32,4,95.9,9.52,11,10,Fall,1.2100000000000009
2024-11-11,8.81,88.58,0.0,4.77,40.0,235.6,2.06,4,62.43,6.53,11,11,Fall,0.0
2024-11-12,10.31,79.09,2.15,4.56,40.0,362.49,2.38,4,75.47,6.13,11,12,Fall,0.3100000000000005
2024-11-13,8.5,81.88,1.11,6.09,40.0,277.07,2.17,4,68.64,4.88,11,13,Fall,0.0
2024-11-14,9.95,86.71,0.0,5.68,40.0,251.29,2.22,4,68.88,7.29,11,14,Fall,0.0
2024-11-15,9.23,77.91,0.0,6.24,40.0,287.65,1.99,4,60.14,4.81,11,15,Fall,0.0
2024-11-16,9.87,87.34,3.9,3.54,40.0,320.29,2.5,4,92.07,7.33,11,16,Fall,0.0
2024-11-17,11.05,82.32,0.0,4.15,40.0,299.8,1.4,4,72.24,7.51,11,17,Fall,1.0500000000000007
2024-11-18,8.42,81.39,5.13,4.8,40.0,290.78,2.0,4,71.14,4.69,11,18,Fall,0.0
2024-11-19,14.43,86.56,0.0,3.46,40.0,272.47,1.65,4,81.62,11.74,11,19,Fall,4.43
2024-11-20,8.43,84.96,0.79,4.9,40.0,275.83,2.1,4,65.91,5.43,11,20,Fall,0.0
2024-11-21,8.22,80.66,0.0,5.36,40.0,283.06,1.39,4,71.71,4.35,11,21,Fall,0.0
2024-11-22,13.17,87.99,0.0,3.43,40.0,333.97,2.39,4,67.17,10.77,11,22,Fall,3.17
2024-11-23,12.64,76.52,0.0,3.93,40.0,271.45,2.12,4,67.73,7.94,11,23,Fall,2.6400000000000006
2024-11-24,12.52,84.72,0.84,5.24,40.0,345.01,3.19,4,77.5,9.46,11,24,Fall,2.5199999999999996
2024-11-25,12.74,84.33,0.17,5.47,40.0,400.23,2.25,4,57.79,9.6,11,25,Fall,2.74
2024-11-26,11.67,79.53,0.0,4.32,40.0,350.15,2.26,4,49.45,7.57,11,26,Fall,1.67
2024-11-27,10.12,82.42,0.0,4.07,40.0,319.72,1.45,4,65.01,6.6,11,27,Fall,0.11999999999999922
2024-11-28,12.28,74.24,0.0,2.54,40.0,277.68,1.61,4,74.72,7.13,11,28,Fall,2.2799999999999994
2024-11-29,11.0,84.82,6.6,3.68,40.0,425.93,1.91,4,48.47,7.96,11,29,Fall,1.0
2024-11-30,14.53,78.98,0.0,3.8,40.0,293.0,1.46,4,62.55,10.32,11,30,Fall,4.529999999999999
2024-12-01,12.51,76.99,0.0,2.97,40.0,398.45,1.15,4,54.69,7.9,12,1,Fall,2.51
2024-12-02,11.38,84.54,0.0,2.54,40.0,392.51,1.96,4,72.96,8.29,12,2,Fall,1.3800000000000008
2024-12-03,12.62,75.47,5.73,1.8,40.0,353.35,1.57,4,59.79,7.71,12,3,Fall,2.619999999999999
2024-12-04,14.32,71.64,0.0,1.31,40.0,356.69,1.41,4,78.62,8.64,12,4,Fall,4.32
2024-12-05,12.6,70.58,3.48,1.08,40.0,282.73,1.12,4,65.58,6.71,12,5,Fall,2.5999999999999996
2024-12-06,12.32,81.08,10.2,3.59,40.0,395.75,1.62,4,63.68,8.53,12,6,Fall,2.3200000000000003
2024-12-07,14.69,71.33,0.0,3.15,40.0,415.0,2.17,4,54.04,8.95,12,7,Fall,4.6899999999999995
2024-12-08,14.93,86.19,9.25,2.52,40.0,334.34,2.23,4,74.11,12.17,12,8,Fall,4.93
2024-12-09,13.67,66.68,0.0,2.68,40.0,385.83,0.88,4,50.23,7.0,12,9,Fall,3.67
2024-12-10,13.98,85.25,0.0,3.25,40.0,400.37,2.77,4,67.39,11.03,12,10,Fall,3.9800000000000004
2024-12-11,15.63,77.5,0.0,2.9,40.0,432.59,2.83,4,57.88,11.13,12,11,Fall,5.630000000000001
2024-12-12,12.52,75.63,0.0,1.77,40.0,408.47,0.46,4,52.75,7.64,12,12,Fall,2.5199999999999996
2024-12-13,12.85,73.06,5.33,4.07,40.0,331.91,2.66,4,65.15,7.46,12,13,Fall,2.8499999999999996
2024-12-14,14.47,77.45,0.0,3.52,40.0,391.7,2.7,4,76.17,9.96,12,14,Fall,4.470000000000001
2024-12-15,15.73,74.93,0.0,3.55,40.0,434.42,2.3,4,57.94,10.72,12,15,Fall,5.73
2024-12-16,17.03,80.3,12.78,4.19,40.0,470.28,1.91,4,45.94,13.09,12,16,Fall,7.030000000000001
2024-12-17,19.61,75.02,0.0,2.62,40.0,402.36,3.01,4,47.72,14.62,12,17,Fall,9.61
2024-12-18,18.63,74.86,1.49,4.74,40.0,547.68,2.72,4,50.29,13.6,12,18,Fall,8.629999999999999
2024-12-19,16.85,71.96,0.78,3.48,40.0,348.66,2.67,4,67.09,11.24,12,19,Fall,6.850000000000001
2024-12-20,17.39,73.15,0.0,4.61,40.0,420.29,3.79,4,64.92,12.02,12,20,Fall,7.390000000000001
2024-12-21,15.67,74.63,2.11,4.57,40.0,449.43,2.63,4,40.43,10.6,12,21,Fall,5.67
2024-12-22,17.9,64.2,0.0,2.91,40.0,448.67,1.93,4,43.41,10.74,12,22,Fall,7.899999999999999
2024-12-23,17.61,65.67,0.0,4.57,40.0,402.23,2.53,4,71.25,10.75,12,23,Fall,7.609999999999999
2024-12-24,19.09,75.78,0.0,4.52,40.0,491.38,2.44,4,54.18,14.25,12,24,Fall,9.09
2024-12-25,17.05,72.58,0.42,4.35,40.0,492.69,2.82,4,56.06,11.57,12,25,Fall,7.050000000000001
2024-12-26,20.0,70.46,5.42,4.36,40.0,481.7,2.49,4,42.2,14.1,12,26,Fall,10.0
2024-12-27,22.29,71.13,19.97,4.5,40.0,501.06,2.92,4,40.08,16.51,12,27,Fall,12.29
2024-12-28,19.26,72.43,0.0,5.54,40.0,468.46,2.41,4,63.07,13.75,12,28,Fall,9.260000000000002
2024-12-29,20.54,67.65,0.0,5.44,40.0,413.95,3.1,4,68.99,14.07,12,29,Fall,10.54
2024-12-30,21.38,66.11,0.3,5.03,20.0,464.17,3.25,5,42.7,14.6,12,30,Fall,11.379999999999999
